Committee_Code,Parent_Committee_Name,Subcommittee_Name,Mapped_Sectors,Mapped_Industries,Is_General_Jurisdiction,Exclude_From_Analysis
HSAG,House Committee on Agriculture,,Basic Materials; Consumer Defensive,Farm Products; Agricultural Inputs; Packaged Foods; Food Distribution; Grocery Stores; Specialty Chemicals; Beverages - Brewers; Beverages - Non-Alcoholic; Beverages - Wineries & Distilleries; Confectioners; Restaurants; Tobacco; Farm & Heavy Construction Machinery; Packaging & Containers; Chemicals,False,False
HSAG-15,House Committee on Agriculture,"Conservation, Energy, and Forestry Subcommittee",Basic Materials; Consumer Defensive; Energy; Utilities,Agricultural Inputs; Lumber & Wood Production; Farm Products; Solar; Utilities - Renewable,False,False
HSAG-14,House Committee on Agriculture,"Rural Development, Research, Biotechnology, and Foreign Agriculture Subcommittee",Basic Materials; Consumer Defensive; Technology,Agricultural Inputs; Biotechnology; Farm Products; Education & Training Services,False,False
HSAG-16,House Committee on Agriculture,General Farm Commodities and Risk Management Subcommittee,Basic Materials; Consumer Defensive,Farm Products; Agricultural Inputs,False,False
HSAG-29,House Committee on Agriculture,"Livestock, Dairy, and Poultry Subcommittee",Basic Materials; Consumer Defensive,Farm Products; Packaged Foods,False,False
HSAG-22,House Committee on Agriculture,"Department Operations, Oversight, and Credit Subcommittee",Basic Materials; Consumer Defensive,Farm Products; Agricultural Inputs; Capital Markets,False,False
HSAG-03,House Committee on Agriculture,Nutrition and Horticulture Subcommittee,Basic Materials; Consumer Defensive,Farm Products; Grocery Stores; Packaged Foods; Household & Personal Products,False,False
HSAP,House Committee on Appropriations,,Broad/General Jurisdiction,Broad/General Jurisdiction,True,False
HSAP-01,House Committee on Appropriations,"Agriculture, Rural Development, Food and Drug Administration, and Related Agencies Subcommittee",Basic Materials; Consumer Defensive; Healthcare; Real Estate,Broad/General Jurisdiction,False,False
HSAP-19,House Committee on Appropriations,"Commerce, Justice, Science, and Related Agencies Subcommittee",Communication Services; Consumer Cyclical; Technology,Broad/General Jurisdiction,False,False
HSAP-15,House Committee on Appropriations,Homeland Security Subcommittee,Broad/General Jurisdiction,Broad/General Jurisdiction,True,False
HSAP-10,House Committee on Appropriations,"Energy and Water Development, and Related Agencies Subcommittee",Energy; Utilities,Broad/General Jurisdiction,False,False
HSAP-23,House Committee on Appropriations,Financial Services and General Government Subcommittee,Financial Services,Broad/General Jurisdiction,False,False
HSAP-07,House Committee on Appropriations,"Labor, Health and Human Services, Education, and Related Agencies Subcommittee",Healthcare; Real Estate,Broad/General Jurisdiction,False,False
HSAP-24,House Committee on Appropriations,Legislative Branch Subcommittee,Broad/General Jurisdiction,Broad/General Jurisdiction,True,False
HSAP-18,House Committee on Appropriations,"Military Construction, Veterans Affairs, and Related Agencies Subcommittee",Healthcare,Broad/General Jurisdiction,False,False
HSAP-02,House Committee on Appropriations,Defense Subcommittee,Industrials,Broad/General Jurisdiction,False,False
HSAP-06,House Committee on Appropriations,"Interior, Environment, and Related Agencies Subcommittee",Industrials; Utilities,Broad/General Jurisdiction,False,False
HSAP-20,House Committee on Appropriations,"Transportation, and Housing and Urban Development, and Related Agencies Subcommittee",Industrials; Real Estate,Broad/General Jurisdiction,False,False
HSAP-04,House Committee on Appropriations,"State, Foreign Operations, and Related Programs Subcommittee",Broad/General Jurisdiction,Broad/General Jurisdiction,True,False
HSAS,House Committee on Armed Services,,Industrials,Aerospace & Defense; Computer Hardware,False,False
HSAS-26,House Committee on Armed Services,Emerging Threats and Capabilities Subcommittee,Industrials,Aerospace & Defense; Software - Infrastructure; Electronic Components; Scientific & Technical Instruments; Information Technology Services,False,False
HSAS-06,House Committee on Armed Services,Oversight and Investigations Subcommittee,Industrials,Drug Manufacturers - General; Oil & Gas Integrated; Biotechnology; Telecom Services; Utilities - Regulated Electric,False,False
HSAS-02,House Committee on Armed Services,Military Personnel Subcommittee,Industrials,Aerospace & Defense; Healthcare Plans; Medical Care Facilities; Drug Manufacturers - General,False,False
HSAS-03,House Committee on Armed Services,Readiness Subcommittee,Industrials,Aerospace & Defense; Rental & Leasing Services; Integrated Freight & Logistics,False,False
HSAS-29,House Committee on Armed Services,Strategic Forces Subcommittee,Industrials,Aerospace & Defense; Uranium,False,False
HSAS-25,House Committee on Armed Services,Tactical Air and Land Forces Subcommittee,Industrials,Aerospace & Defense,False,False
HSAS-28,House Committee on Armed Services,Seapower and Projection Forces Subcommittee,Industrials,Aerospace & Defense; Marine Shipping,False,False
HSED,House Committee on Education and the Workforce,,,Education & Training Services; Staffing & Employment Services; Healthcare Plans; Medical Care Facilities; REIT - Healthcare Facilities,False,False
HSED-13,House Committee on Education and the Workforce,Higher Education and Workforce Training Subcommittee,,Education & Training Services; Staffing & Employment Services; Healthcare Plans; Medical Care Facilities; REIT - Healthcare Facilities,False,False
HSED-02,House Committee on Education and the Workforce,"Health, Employment, Labor, and Pensions Subcommittee",Healthcare; Real Estate,Drug Manufacturers - General; Drug Manufacturers - Specialty & Generic; Biotechnology; Healthcare Plans; Medical Devices; Diagnostics & Research; Medical Care Facilities; Health Information Services; REIT - Healthcare Facilities,False,False
HSED-10,House Committee on Education and the Workforce,Workforce Protections Subcommittee,,Education & Training Services; Staffing & Employment Services; Healthcare Plans; Medical Care Facilities; REIT - Healthcare Facilities,False,False
HSED-14,House Committee on Education and the Workforce,"Early Childhood, Elementary, and Secondary Education Subcommittee",,Education & Training Services; Staffing & Employment Services; Healthcare Plans; Medical Care Facilities; REIT - Healthcare Facilities,False,False
HSIF,House Committee on Energy and Commerce,,Communication Services; Consumer Cyclical; Energy; Technology; Utilities,"Oil & Gas Integrated; Oil & Gas E&P; Oil & Gas Midstream; Utilities - Regulated Electric; Utilities - Regulated Gas; Drug Manufacturers - General; Drug Manufacturers - Specialty & Generic; Biotechnology; Healthcare Plans; Medical Devices; Diagnostics & Research; Telecom Services; Communication Equipment; Internet Content & Information; Packaging & Containers; Oil & Gas Drilling; Oil & Gas Refining & Marketing; Utilities - Diversified; Chemicals; Electrical Equipment & Parts; Entertainment; Electronic Gaming & Multimedia; Publishing; Discount Stores; Department Stores; Home Improvement Retail; Apparel Retail; Furnishings, Fixtures & Appliances; Apparel Manufacturing; Textile Manufacturing; Recreational Vehicles; Auto & Truck Dealerships; Auto Parts; Medical Distribution",False,False
HSIF-17,House Committee on Energy and Commerce,"Commerce, Manufacturing, and Trade Subcommittee",Communication Services; Consumer Cyclical; Energy; Technology; Utilities,Consumer Electronics; Specialty Industrial Machinery; Auto Manufacturers; Specialty Retail; Specialty Business Services,False,False
HSIF-16,House Committee on Energy and Commerce,Communications and Technology Subcommittee,Communication Services; Consumer Cyclical; Energy; Technology; Utilities,Telecom Services; Communication Equipment; Internet Content & Information; Software - Application; Advertising Agencies; Broadcasting,False,False
HSIF-03,House Committee on Energy and Commerce,Energy and Power Subcommittee,Communication Services; Consumer Cyclical; Energy; Technology; Utilities,Oil & Gas Integrated; Oil & Gas E&P; Oil & Gas Midstream; Utilities - Regulated Electric; Utilities - Regulated Gas; Solar; Utilities - Renewable; Oil & Gas Equipment & Services,False,False
HSIF-18,House Committee on Energy and Commerce,Environment and the Economy Subcommittee,Communication Services; Consumer Cyclical; Energy; Industrials; Technology; Utilities,Oil & Gas Integrated; Oil & Gas E&P; Oil & Gas Midstream; Utilities - Regulated Electric; Utilities - Regulated Gas; Drug Manufacturers - General; Drug Manufacturers - Specialty & Generic; Biotechnology; Healthcare Plans; Medical Devices; Diagnostics & Research; Telecom Services; Communication Equipment; Internet Content & Information,False,False
HSIF-14,House Committee on Energy and Commerce,Health Subcommittee,Communication Services; Consumer Cyclical; Energy; Healthcare; Real Estate; Technology; Utilities,Drug Manufacturers - General; Drug Manufacturers - Specialty & Generic; Biotechnology; Healthcare Plans; Medical Devices; Diagnostics & Research; Medical Care Facilities; Health Information Services; REIT - Healthcare Facilities,False,False
HSIF-02,House Committee on Energy and Commerce,Oversight and Investigations Subcommittee,Communication Services; Consumer Cyclical; Energy; Technology; Utilities,Drug Manufacturers - General; Oil & Gas Integrated; Biotechnology; Telecom Services; Utilities - Regulated Electric,False,False
HLET,House Committee on Ethics,,Broad/General Jurisdiction,Broad/General Jurisdiction,True,False
HSSO,House Committee on Ethics,,Broad/General Jurisdiction,Broad/General Jurisdiction,True,False
HSBA,House Committee on Financial Services,,Financial Services,Banks - Diversified; Banks - Regional; Capital Markets; Asset Management; Credit Services; Insurance - Property & Casualty; Insurance - Life; Insurance - Diversified; Insurance Brokers; Insurance - Specialty; Insurance - Reinsurance; Financial Data & Stock Exchanges; Financial Conglomerates; REIT - Mortgage; REIT - Diversified; REIT - Industrial; REIT - Retail; REIT - Specialty; Real Estate - Diversified; Residential Construction; Conglomerates; Broad Market / ETF,False,False
HSBA-20,House Committee on Financial Services,International Monetary Policy and Trade Subcommittee,Financial Services,Banks - Diversified; Banks - Regional; Financial Data & Stock Exchanges,False,False
HSBA-09,House Committee on Financial Services,Oversight and Investigations Subcommittee,Financial Services,Drug Manufacturers - General; Oil & Gas Integrated; Biotechnology; Telecom Services; Utilities - Regulated Electric,False,False
HSBA-04,House Committee on Financial Services,"Insurance, Housing and Community Opportunity Subcommittee",Financial Services; Real Estate,Insurance - Property & Casualty; Insurance - Life; Insurance - Diversified; Insurance Brokers; Insurance - Specialty; Insurance - Reinsurance; REIT - Residential; Real Estate Services; Real Estate - Development,False,False
HSBA-15,House Committee on Financial Services,Financial Institutions and Consumer Credit Subcommittee,Financial Services,Farm Products; Agricultural Inputs; Capital Markets,False,False
HSBA-19,House Committee on Financial Services,Domestic Monetary Policy and Technology Subcommittee,Financial Services; Technology,Banks - Diversified; Banks - Regional; Financial Data & Stock Exchanges,False,False
HSBA-16,House Committee on Financial Services,Capital Markets and Government Sponsored Enterprises Subcommittee,Financial Services,Capital Markets; Financial Data & Stock Exchanges; Asset Management; Credit Services,False,False
HSFA,House Committee on Foreign Affairs,,Broad/General Jurisdiction,Broad/General Jurisdiction,True,False
HSFA-14,House Committee on Foreign Affairs,Europe and Eurasia Subcommittee,Broad/General Jurisdiction,Broad/General Jurisdiction,True,False
HSFA-13,House Committee on Foreign Affairs,The Middle East and South Asia Subcommittee,Broad/General Jurisdiction,Broad/General Jurisdiction,True,False
HSFA-16,House Committee on Foreign Affairs,"Africa, Global Health, and Human Rights Subcommittee",Healthcare; Real Estate,Broad/General Jurisdiction,False,False
HSFA-17,House Committee on Foreign Affairs,Oversight and Investigations Subcommittee,Broad/General Jurisdiction,Broad/General Jurisdiction,True,False
HSFA-05,House Committee on Foreign Affairs,Asia and the Pacific Subcommittee,Broad/General Jurisdiction,Broad/General Jurisdiction,True,False
HSFA-18,House Committee on Foreign Affairs,"Terrorism, Nonproliferation, and Trade Subcommittee",Broad/General Jurisdiction,Broad/General Jurisdiction,True,False
HSFA-07,House Committee on Foreign Affairs,The Western Hemisphere Subcommittee,Broad/General Jurisdiction,Broad/General Jurisdiction,True,False
HSHM,House Committee on Homeland Security,,,Broad/General Jurisdiction,False,False
HSHM-09,House Committee on Homeland Security,"Oversight, Investigations, and Management Subcommittee",Broad/General Jurisdiction,Broad/General Jurisdiction,True,False
HSHM-12,House Committee on Homeland Security,"Emergency Preparedness, Response and Communications Subcommittee",,Broad/General Jurisdiction,False,False
HSHM-11,House Committee on Homeland Security,Border and Maritime Security Subcommittee,,Broad/General Jurisdiction,False,False
HSHM-05,House Committee on Homeland Security,Counterterrorism and Intelligence Subcommittee,Industrials; Technology,Broad/General Jurisdiction,False,False
HSHM-08,House Committee on Homeland Security,"Cybersecurity, Infrastructure Protection, and Security Technologies Subcommittee",Basic Materials; Healthcare; Industrials; Technology,Broad/General Jurisdiction,False,False
HSHM-07,House Committee on Homeland Security,Transportation Security Subcommittee,Industrials,Broad/General Jurisdiction,False,False
HSHA,House Committee on House Administration,,Broad/General Jurisdiction,Broad/General Jurisdiction,True,False
HSHA-01,House Committee on House Administration,Elections Subcommittee,Broad/General Jurisdiction,Broad/General Jurisdiction,True,False
HSHA-08,House Committee on House Administration,Elections Subcommittee,Broad/General Jurisdiction,Broad/General Jurisdiction,True,False
HSHA-06,House Committee on House Administration,Oversight Subcommittee,Broad/General Jurisdiction,Broad/General Jurisdiction,True,False
HSII,House Committee on Natural Resources,,Basic Materials; Energy,Oil & Gas E&P; Oil & Gas Integrated; Uranium; Gold; Copper; Other Precious Metals & Mining; Other Industrial Metals & Mining; Thermal Coal; Lumber & Wood Production; Agricultural Inputs; Oil & Gas Drilling; Oil & Gas Refining & Marketing,False,False
HSII-06,House Committee on Natural Resources,Energy and Mineral Resources Subcommittee,Basic Materials; Energy; Utilities,Gold; Copper; Uranium; Other Precious Metals & Mining; Other Industrial Metals & Mining; Steel; Aluminum; Thermal Coal; Metal Fabrication,False,False
HSII-10,House Committee on Natural Resources,"National Parks, Forests and Public Lands Subcommittee",Basic Materials; Energy,Lumber & Wood Production; Agricultural Inputs; Resorts & Casinos; Leisure,False,False
HSII-22,House Committee on Natural Resources,"Fisheries, Wildlife, Oceans and Insular Affairs Subcommittee",Basic Materials; Energy; Industrials,Utilities - Regulated Water; Waste Management; Engineering & Construction,False,False
HSII-24,House Committee on Natural Resources,Indian and Alaska Native Affairs Subcommittee,Basic Materials; Energy,Resorts & Casinos; Gambling; Lumber & Wood Production; Agricultural Inputs,False,False
HSII-13,House Committee on Natural Resources,Water and Power Subcommittee,Basic Materials; Energy; Utilities,Utilities - Regulated Water; Marine Shipping; Engineering & Construction,False,False
HSGO,House Committee on Oversight and Government Reform,,Broad/General Jurisdiction,Broad/General Jurisdiction,True,False
HSGO-25,House Committee on Oversight and Government Reform,"Federal Workforce, U.S. Postal Service and Labor Policy Subcommittee",Broad/General Jurisdiction,Broad/General Jurisdiction,True,False
HSGO-24,House Committee on Oversight and Government Reform,"Government Organization, Efficiency and Financial Management Subcommittee",Broad/General Jurisdiction,Broad/General Jurisdiction,True,False
HSGO-29,House Committee on Oversight and Government Reform,"TARP, Financial Services and Bailouts of Public and Private Programs Subcommittee",Financial Services,Broad/General Jurisdiction,False,False
HSGO-06,House Committee on Oversight and Government Reform,"National Security, Homeland Defense and Foreign Operations Subcommittee",Industrials,Broad/General Jurisdiction,False,False
HSGO-28,House Committee on Oversight and Government Reform,"Regulatory Affairs, Stimulus Oversight and Government Spending Subcommittee",Broad/General Jurisdiction,Broad/General Jurisdiction,True,False
HSGO-27,House Committee on Oversight and Government Reform,"Health Care, District of Columbia, Census and the National Archives Subcommittee",Healthcare; Real Estate,Broad/General Jurisdiction,False,False
HSGO-30,House Committee on Oversight and Government Reform,"Technology, Information Policy, Intergovernmental Relations and Procurement Reform Subcommittee",Technology,Broad/General Jurisdiction,False,False
HSRU,House Committee on Rules,,Broad/General Jurisdiction,Broad/General Jurisdiction,True,False
HSRU-04,House Committee on Rules,Rules and Organization of the House Subcommittee,Broad/General Jurisdiction,Broad/General Jurisdiction,True,False
HSRU-02,House Committee on Rules,Legislative and Budget Process Subcommittee,Broad/General Jurisdiction,Broad/General Jurisdiction,True,False
HSSY,"House Committee on Science, Space, and Technology",,Industrials; Technology,Software - Infrastructure; Software - Application; Semiconductors; Scientific & Technical Instruments; Biotechnology; Diagnostics & Research; Aerospace & Defense; Solar; Utilities - Renewable; Pollution & Treatment Controls; Electrical Equipment & Parts; Computer Hardware; Tools & Accessories,False,False
HSSY-20,"House Committee on Science, Space, and Technology",Energy and Environment Subcommittee,Energy; Industrials; Technology; Utilities,Pollution & Treatment Controls; Waste Management; Specialty Chemicals,False,False
HSSY-21,"House Committee on Science, Space, and Technology",Investigations and Oversight Subcommittee,Industrials; Technology,Software - Infrastructure; Information Technology Services,False,False
HSSY-14,"House Committee on Science, Space, and Technology",Research and Science Education Subcommittee,Industrials; Technology,Software - Infrastructure; Software - Application; Semiconductors; Scientific & Technical Instruments; Biotechnology; Diagnostics & Research; Aerospace & Defense; Solar; Utilities - Renewable; Pollution & Treatment Controls,False,False
HSSY-16,"House Committee on Science, Space, and Technology",Space and Aeronautics Subcommittee,Industrials; Technology,Aerospace & Defense; Scientific & Technical Instruments,False,False
HSSY-19,"House Committee on Science, Space, and Technology",Technology and Innovation Subcommittee,Healthcare; Industrials; Technology,Software - Infrastructure; Software - Application; Semiconductors; Semiconductor Equipment & Materials; Biotechnology; Scientific & Technical Instruments,False,False
HSSM,House Committee on Small Business,,,Broad/General Jurisdiction,False,False
HSSM-25,House Committee on Small Business,"Agriculture, Energy and Trade Subcommittee",Basic Materials; Consumer Defensive; Energy; Utilities,Broad/General Jurisdiction,False,False
HSSM-23,House Committee on Small Business,Contracting and Workforce Subcommittee,,Broad/General Jurisdiction,False,False
HSSM-27,House Committee on Small Business,"Economic Growth, Tax and Capital Access Subcommittee",,Broad/General Jurisdiction,False,False
HSSM-24,House Committee on Small Business,"Investigations, Oversight and Regulations Subcommittee",Broad/General Jurisdiction,Broad/General Jurisdiction,True,False
HSSM-26,House Committee on Small Business,Healthcare and Technology Subcommittee,Healthcare; Real Estate; Technology,Broad/General Jurisdiction,False,False
HSPW,House Committee on Transportation and Infrastructure,,Basic Materials; Industrials,Airlines; Railroads; Trucking; Engineering & Construction; Airports & Air Services; Integrated Freight & Logistics; Marine Shipping; Building Products & Equipment; Building Materials; Farm & Heavy Construction Machinery; Residential Construction; Recreational Vehicles; Auto & Truck Dealerships; Auto Parts,False,False
HSPW-07,House Committee on Transportation and Infrastructure,Coast Guard and Maritime Transportation Subcommittee,Basic Materials; Industrials,Marine Shipping; Integrated Freight & Logistics,False,False
HSPW-14,House Committee on Transportation and Infrastructure,"Railroads, Pipelines, and Hazardous Materials Subcommittee",Basic Materials; Industrials,Railroads; Oil & Gas Midstream,False,False
HSPW-02,House Committee on Transportation and Infrastructure,Water Resources and Environment Subcommittee,Basic Materials; Industrials; Utilities,Utilities - Regulated Water; Marine Shipping; Engineering & Construction,False,False
HSPW-13,House Committee on Transportation and Infrastructure,"Economic Development, Public Buildings, and Emergency Management Subcommittee",Basic Materials; Industrials,Engineering & Construction; Building Materials; Real Estate - Development; REIT - Office,False,False
HSPW-12,House Committee on Transportation and Infrastructure,Highways and Transit Subcommittee,Basic Materials; Industrials,Trucking; Engineering & Construction; Building Products & Equipment; Building Materials,False,False
HSPW-05,House Committee on Transportation and Infrastructure,Aviation Subcommittee,Basic Materials; Industrials,Airlines; Airports & Air Services; Aerospace & Defense,False,False
HSVR,House Committee on Veterans' Affairs,,Healthcare,Healthcare Plans; Medical Care Facilities; Health Information Services; Drug Manufacturers - General; Medical Devices; REIT - Healthcare Facilities; Medical Instruments & Supplies,False,False
HSVR-10,House Committee on Veterans' Affairs,Economic Opportunity Subcommittee,Healthcare,Education & Training Services; Staffing & Employment Services; Real Estate Services,False,False
HSVR-03,House Committee on Veterans' Affairs,Health Subcommittee,Healthcare; Real Estate,Drug Manufacturers - General; Drug Manufacturers - Specialty & Generic; Biotechnology; Healthcare Plans; Medical Devices; Diagnostics & Research; Medical Care Facilities; Health Information Services; REIT - Healthcare Facilities,False,False
HSVR-09,House Committee on Veterans' Affairs,Disability Assistance and Memorial Affairs Subcommittee,Healthcare,Healthcare Plans; Medical Care Facilities; Drug Manufacturers - General; Medical Devices,False,False
HSVR-08,House Committee on Veterans' Affairs,Oversight and Investigations Subcommittee,Healthcare,Drug Manufacturers - General; Oil & Gas Integrated; Biotechnology; Telecom Services; Utilities - Regulated Electric,False,False
HSWM,House Committee on Ways and Means,,Broad/General Jurisdiction,Broad/General Jurisdiction,True,False
HSWM-06,House Committee on Ways and Means,Oversight Subcommittee,Broad/General Jurisdiction,Broad/General Jurisdiction,True,False
HSWM-01,House Committee on Ways and Means,Social Security Subcommittee,Broad/General Jurisdiction,Broad/General Jurisdiction,True,False
HSWM-02,House Committee on Ways and Means,Health Subcommittee,Healthcare; Real Estate,Broad/General Jurisdiction,False,False
HSWM-04,House Committee on Ways and Means,Trade Subcommittee,Broad/General Jurisdiction,Broad/General Jurisdiction,True,False
HSWM-03,House Committee on Ways and Means,Human Resources Subcommittee,Broad/General Jurisdiction,Broad/General Jurisdiction,True,False
HSWM-05,House Committee on Ways and Means,Select Revenue Measures Subcommittee,Broad/General Jurisdiction,Broad/General Jurisdiction,True,False
HSBU,House Committee on the Budget,,Broad/General Jurisdiction,Broad/General Jurisdiction,True,False
HSJU,House Committee on the Judiciary,,Broad/General Jurisdiction,Broad/General Jurisdiction,True,False
HSJU-08,House Committee on the Judiciary,"Crime, Terrorism, and Homeland Security Subcommittee",Broad/General Jurisdiction,Broad/General Jurisdiction,True,False
HSJU-12,House Committee on the Judiciary,"Intellectual Property, Competition, and the Internet Subcommittee",Healthcare; Technology,Broad/General Jurisdiction,False,False
HSJU-10,House Committee on the Judiciary,The Constitution Subcommittee,Broad/General Jurisdiction,Broad/General Jurisdiction,True,False
HSJU-03,House Committee on the Judiciary,"Courts, Commercial and Administrative Law Subcommittee",Broad/General Jurisdiction,Broad/General Jurisdiction,True,False
HSJU-01,House Committee on the Judiciary,Immigration Policy and Enforcement Subcommittee,Broad/General Jurisdiction,Broad/General Jurisdiction,True,False
HLIG,House Permanent Select Committee on Intelligence,,Industrials; Technology,Exclude,False,True
HLIG-05,House Permanent Select Committee on Intelligence,Technical and Tactical Intelligence Subcommittee,Industrials; Technology,Exclude,False,True
HLIG-09,House Permanent Select Committee on Intelligence,Oversight and Investigations Subcommittee,Industrials; Technology,Exclude,False,True
HLIG-08,House Permanent Select Committee on Intelligence,"Terrorism, Human Intelligence, Analysis, and Counterintelligence Subcommittee",Industrials; Technology,Exclude,False,True
JSPR,Joint Committee on Printing,,,Exclude,False,True
JSTX,Joint Committee on Taxation,,,Exclude,False,True
JSLC,Joint Committee on the Library,,,Exclude,False,True
JSEC,Joint Economic Committee,,,Exclude,False,True
JSDF,Joint Select Committee on Deficit Reduction,,,Exclude,False,True
JCSE,Senate Commission on Security and Cooperation in Europe,,,Exclude,False,True
SSAF,"Senate Committee on Agriculture, Nutrition, and Forestry",,Basic Materials; Consumer Defensive,Farm Products; Agricultural Inputs; Packaged Foods; Food Distribution; Grocery Stores; Specialty Chemicals; Beverages - Brewers; Beverages - Non-Alcoholic; Beverages - Wineries & Distilleries; Confectioners; Restaurants; Tobacco; Farm & Heavy Construction Machinery; Packaging & Containers; Chemicals,False,False
SSAF-13,"Senate Committee on Agriculture, Nutrition, and Forestry","Commodities, Markets, Trade and Risk Management",Basic Materials; Consumer Defensive,Farm Products; Agricultural Inputs,False,False
SSAF-14,"Senate Committee on Agriculture, Nutrition, and Forestry","Conservation, Forestry and Natural Resources",Basic Materials; Consumer Defensive; Energy,Agricultural Inputs; Lumber & Wood Production; Farm Products; Solar; Utilities - Renewable,False,False
SSAF-17,"Senate Committee on Agriculture, Nutrition, and Forestry","Livestock, Dairy, Poultry, Marketing and Agriculture Security",Basic Materials; Consumer Defensive,Farm Products; Packaged Foods,False,False
SSAF-15,"Senate Committee on Agriculture, Nutrition, and Forestry","Jobs, Rural Economic Growth and Energy Innovation",Basic Materials; Consumer Defensive; Energy; Healthcare; Technology; Utilities,Farm Products; Agricultural Inputs; Packaged Foods; Food Distribution; Grocery Stores; Specialty Chemicals,False,False
SSAF-16,"Senate Committee on Agriculture, Nutrition, and Forestry","Nutrition, Specialty Crops, Food and Agricultural Research",Basic Materials; Consumer Defensive,Farm Products; Grocery Stores; Packaged Foods; Household & Personal Products,False,False
SSAP,Senate Committee on Appropriations,,Broad/General Jurisdiction,Broad/General Jurisdiction,True,False
SSAP-16,Senate Committee on Appropriations,"Commerce, Justice, Science, and Related Agencies",Communication Services; Consumer Cyclical; Technology,Broad/General Jurisdiction,False,False
SSAP-2,Senate Committee on Appropriations,Department of Defense,Industrials,Broad/General Jurisdiction,False,False
SSAP-17,Senate Committee on Appropriations,"Department of the Interior, Environment, and Related Agencies",Industrials; Utilities,Broad/General Jurisdiction,False,False
SSAP-18,Senate Committee on Appropriations,"Departments of Labor, Health and Human Services, and Education, and Related Agencies",Healthcare; Real Estate,Broad/General Jurisdiction,False,False
SSAP-22,Senate Committee on Appropriations,Energy and Water Development,Energy; Utilities,Broad/General Jurisdiction,False,False
SSAP-24,Senate Committee on Appropriations,"Transportation and Housing and Urban Development, and Related Agencies",Industrials; Real Estate,Broad/General Jurisdiction,False,False
SSAP-1,Senate Committee on Appropriations,"Agriculture, Rural Development, Food and Drug Administration, and Related Agencies",Basic Materials; Consumer Defensive; Healthcare; Real Estate,Broad/General Jurisdiction,False,False
SSAP-19,Senate Committee on Appropriations,"Military Construction and Veterans Affairs, and Related Agencies",Healthcare,Broad/General Jurisdiction,False,False
SSAP-20,Senate Committee on Appropriations,"State, Foreign Operations, and Related Programs",Broad/General Jurisdiction,Broad/General Jurisdiction,True,False
SSAP-8,Senate Committee on Appropriations,Legislative Branch,Broad/General Jurisdiction,Broad/General Jurisdiction,True,False
SSAP-14,Senate Committee on Appropriations,Department of Homeland Security,Broad/General Jurisdiction,Broad/General Jurisdiction,True,False
SSAP-23,Senate Committee on Appropriations,Financial Service and General Government,Broad/General Jurisdiction,Broad/General Jurisdiction,True,False
SSAS,Senate Committee on Armed Services,,Industrials,Aerospace & Defense; Computer Hardware,False,False
SSAS-17,Senate Committee on Armed Services,Personnel,Industrials,Aerospace & Defense; Healthcare Plans; Medical Care Facilities; Drug Manufacturers - General,False,False
SSAS-15,Senate Committee on Armed Services,Readiness and Management Support,Industrials,Aerospace & Defense; Rental & Leasing Services; Integrated Freight & Logistics,False,False
SSAS-13,Senate Committee on Armed Services,SeaPower,Industrials,Aerospace & Defense; Marine Shipping,False,False
SSAS-16,Senate Committee on Armed Services,Strategic Forces,Industrials,Aerospace & Defense; Uranium,False,False
SSAS-14,Senate Committee on Armed Services,Airland,Industrials,Aerospace & Defense,False,False
SSAS-20,Senate Committee on Armed Services,Emerging Threats and Capabilities,Industrials,Aerospace & Defense; Software - Infrastructure; Electronic Components; Scientific & Technical Instruments; Information Technology Services,False,False
SSBK,"Senate Committee on Banking, Housing, and Urban Affairs",,Financial Services; Real Estate,Banks - Diversified; Banks - Regional; Capital Markets; Asset Management; Credit Services; Insurance - Property & Casualty; Insurance - Life; Insurance - Diversified; Insurance Brokers; REIT - Residential; REIT - Mortgage; Real Estate Services; Real Estate - Development; Financial Conglomerates; REIT - Diversified; REIT - Industrial; REIT - Retail; REIT - Specialty; Real Estate - Diversified; Residential Construction; Conglomerates; Broad Market / ETF,False,False
SSBK-8,"Senate Committee on Banking, Housing, and Urban Affairs",Financial Institutions and Consumer Protection,Financial Services; Real Estate,Specialty Retail; Internet Retail; Credit Services,False,False
SSBK-9,"Senate Committee on Banking, Housing, and Urban Affairs","Housing, Transportation and Community Development",Financial Services; Industrials; Real Estate,Banks - Diversified; Banks - Regional; Capital Markets; Asset Management; Credit Services; Insurance - Property & Casualty; Insurance - Life; Insurance - Diversified; Insurance Brokers; REIT - Residential; REIT - Mortgage; Real Estate Services; Real Estate - Development; Financial Conglomerates,False,False
SSBK-5,"Senate Committee on Banking, Housing, and Urban Affairs",Security and International Trade and Finance,Financial Services; Real Estate,Banks - Diversified; Financial Conglomerates; Capital Markets,False,False
SSBK-4,"Senate Committee on Banking, Housing, and Urban Affairs","Securities, Insurance and Investment",Financial Services; Real Estate,Capital Markets; Financial Data & Stock Exchanges; Asset Management; Credit Services,False,False
SSBK-12,"Senate Committee on Banking, Housing, and Urban Affairs",Economic Policy,Financial Services; Real Estate,Banks - Diversified; Capital Markets; Asset Management; Financial Conglomerates,False,False
SSCM,"Senate Committee on Commerce, Science, and Transportation",,Communication Services; Consumer Cyclical; Industrials; Technology,Telecom Services; Communication Equipment; Airlines; Railroads; Trucking; Integrated Freight & Logistics; Consumer Electronics; Software - Application; Internet Content & Information; Advertising Agencies; Broadcasting; Scientific & Technical Instruments; Entertainment; Electronic Gaming & Multimedia; Publishing,False,False
SSCM-26,"Senate Committee on Commerce, Science, and Transportation","Communications, Technology, and the Internet",Communication Services; Consumer Cyclical; Healthcare; Industrials; Technology,Telecom Services; Communication Equipment; Internet Content & Information; Software - Application; Advertising Agencies; Broadcasting,False,False
SSCM-27,"Senate Committee on Commerce, Science, and Transportation","Competitiveness, Innovation, and Export Promotion",Communication Services; Consumer Cyclical; Healthcare; Industrials; Technology,Telecom Services; Communication Equipment; Airlines; Railroads; Trucking; Integrated Freight & Logistics; Consumer Electronics; Software - Application; Internet Content & Information; Advertising Agencies; Broadcasting; Scientific & Technical Instruments,False,False
SSCM-22,"Senate Committee on Commerce, Science, and Transportation","Oceans, Atmosphere, Fisheries, and Coast Guard",Basic Materials; Communication Services; Consumer Cyclical; Industrials; Technology,Marine Shipping; Integrated Freight & Logistics,False,False
SSCM-24,"Senate Committee on Commerce, Science, and Transportation",Science and Space,Communication Services; Consumer Cyclical; Industrials; Technology,Telecom Services; Communication Equipment; Airlines; Railroads; Trucking; Integrated Freight & Logistics; Consumer Electronics; Software - Application; Internet Content & Information; Advertising Agencies; Broadcasting; Scientific & Technical Instruments,False,False
SSCM-25,"Senate Committee on Commerce, Science, and Transportation","Surface Transportation and Merchant Marine Infrastructure, Safety, and Security",Basic Materials; Communication Services; Consumer Cyclical; Industrials; Technology,Railroads; Trucking; Integrated Freight & Logistics,False,False
SSCM-1,"Senate Committee on Commerce, Science, and Transportation","Aviation Operations, Safety, and Security",Communication Services; Consumer Cyclical; Industrials; Technology,Airlines; Airports & Air Services; Aerospace & Defense,False,False
SSCM-20,"Senate Committee on Commerce, Science, and Transportation","Consumer Protection, Product Safety, and Insurance",Communication Services; Consumer Cyclical; Financial Services; Industrials; Technology,Specialty Retail; Internet Retail; Credit Services,False,False
SSEG,Senate Committee on Energy and Natural Resources,,Basic Materials; Energy; Utilities,Oil & Gas E&P; Oil & Gas Integrated; Oil & Gas Midstream; Utilities - Independent Power Producers; Solar; Utilities - Renewable; Uranium; Gold; Copper; Other Precious Metals & Mining; Other Industrial Metals & Mining; Thermal Coal; Lumber & Wood Production; Oil & Gas Drilling; Oil & Gas Refining & Marketing; Utilities - Diversified,False,False
SSEG-1,Senate Committee on Energy and Natural Resources,Energy,Basic Materials; Energy; Utilities,Oil & Gas E&P; Oil & Gas Integrated; Oil & Gas Midstream; Utilities - Independent Power Producers; Solar; Utilities - Renewable; Uranium; Gold; Copper; Other Precious Metals & Mining; Other Industrial Metals & Mining; Thermal Coal; Lumber & Wood Production,False,False
SSEG-4,Senate Committee on Energy and Natural Resources,National Parks,Basic Materials; Energy; Utilities,Lumber & Wood Production; Agricultural Inputs; Resorts & Casinos; Leisure,False,False
SSEG-3,Senate Committee on Energy and Natural Resources,Public Lands and Forests,Basic Materials; Energy; Utilities,Lumber & Wood Production; Agricultural Inputs; Resorts & Casinos; Leisure,False,False
SSEG-7,Senate Committee on Energy and Natural Resources,Water and Power,Basic Materials; Energy; Utilities,Utilities - Regulated Water; Marine Shipping; Engineering & Construction,False,False
SSEV,Senate Committee on Environment and Public Works,,Industrials; Utilities,Utilities - Regulated Electric; Utilities - Regulated Gas; Waste Management; Pollution & Treatment Controls; Engineering & Construction; Building Materials; Uranium; Specialty Chemicals; Paper & Paper Products; Steel; Aluminum; Chemicals,False,False
SSFI,Senate Committee on Finance,,Financial Services,Drug Manufacturers - General; Drug Manufacturers - Specialty & Generic; Healthcare Plans; Medical Devices; Oil & Gas Integrated; Oil & Gas E&P; Asset Management; Capital Markets; Banks - Diversified; Insurance - Life; REIT - Mortgage; Real Estate Services; Apparel Manufacturing; Textile Manufacturing; Footwear & Accessories; Luxury Goods; Medical Distribution,False,False
SSFI-12,Senate Committee on Finance,"Energy, Natural Resources, and Infrastructure",Basic Materials; Energy; Financial Services; Industrials; Utilities,Oil & Gas Integrated; Oil & Gas E&P; Oil & Gas Midstream; Solar; Utilities - Renewable,False,False
SSFI-14,Senate Committee on Finance,Fiscal Responsibility and Economic Growth,Financial Services,Drug Manufacturers - General; Drug Manufacturers - Specialty & Generic; Healthcare Plans; Medical Devices; Oil & Gas Integrated; Oil & Gas E&P; Asset Management; Capital Markets; Banks - Diversified; Insurance - Life; REIT - Mortgage; Real Estate Services,False,False
SSFI-10,Senate Committee on Finance,Health Care,Financial Services; Healthcare; Real Estate,Drug Manufacturers - General; Drug Manufacturers - Specialty & Generic; Biotechnology; Healthcare Plans; Medical Devices; Diagnostics & Research; Medical Care Facilities,False,False
SSFI-13,Senate Committee on Finance,"International Trade, Customs, and Global Competitiveness",Financial Services,Banks - Diversified; Financial Conglomerates; Capital Markets,False,False
SSFI-2,Senate Committee on Finance,"Social Security, Pensions and Family Policy",Financial Services,Healthcare Plans; Medical Care Facilities; Staffing & Employment Services,False,False
SSFI-11,Senate Committee on Finance,Taxation and IRS Oversight,Financial Services,Asset Management; Capital Markets; Banks - Diversified; Financial Conglomerates,False,False
SSFR,Senate Committee on Foreign Relations,,Broad/General Jurisdiction,Broad/General Jurisdiction,True,False
SSFR-2,Senate Committee on Foreign Relations,East Asian and Pacific Affairs,Broad/General Jurisdiction,Broad/General Jurisdiction,True,False
SSFR-13,Senate Committee on Foreign Relations,"International Operations and Organizations, Human Rights, Democracy and Global Women's Issues",Broad/General Jurisdiction,Broad/General Jurisdiction,True,False
SSFR-7,Senate Committee on Foreign Relations,Near Eastern and South and Central Asian Affairs,Broad/General Jurisdiction,Broad/General Jurisdiction,True,False
SSFR-6,Senate Committee on Foreign Relations,"Western Hemisphere, Peace Corps and Global Narcotics Affairs",Broad/General Jurisdiction,Broad/General Jurisdiction,True,False
SSFR-1,Senate Committee on Foreign Relations,European Affairs,Broad/General Jurisdiction,Broad/General Jurisdiction,True,False
SSFR-9,Senate Committee on Foreign Relations,African Affairs,Broad/General Jurisdiction,Broad/General Jurisdiction,True,False
SSFR-12,Senate Committee on Foreign Relations,"International Development and Foreign Assistance, Economic Affairs and International Environmental Protection",Industrials; Utilities,Broad/General Jurisdiction,False,False
SSHR,"Senate Committee on Health, Education, Labor, and Pensions",,Healthcare; Real Estate,Drug Manufacturers - General; Drug Manufacturers - Specialty & Generic; Biotechnology; Healthcare Plans; Medical Devices; Diagnostics & Research; Medical Care Facilities; Health Information Services; Education & Training Services; Staffing & Employment Services; REIT - Healthcare Facilities; Medical Distribution,False,False
SSHR-9,"Senate Committee on Health, Education, Labor, and Pensions",Children and Families,Healthcare; Real Estate,Education & Training Services; Healthcare Plans; Medical Care Facilities,False,False
SSHR-11,"Senate Committee on Health, Education, Labor, and Pensions",Employment and Workplace Safety,Healthcare; Real Estate,Staffing & Employment Services; Education & Training Services,False,False
SSHR-12,"Senate Committee on Health, Education, Labor, and Pensions",Primary Health and Aging,Healthcare; Real Estate,Healthcare Plans; Medical Care Facilities; REIT - Healthcare Facilities; Asset Management,False,False
SSGA,Senate Committee on Homeland Security and Governmental Affairs,,,Broad/General Jurisdiction,False,False
SSGA-13,Senate Committee on Homeland Security and Governmental Affairs,Ad Hoc Subcommittee on Contracting Oversight,Broad/General Jurisdiction,Broad/General Jurisdiction,True,False
SSGA-1,Senate Committee on Homeland Security and Governmental Affairs,Investigations,,Broad/General Jurisdiction,False,False
SSGA-9,Senate Committee on Homeland Security and Governmental Affairs,"Federal Financial Management, Government Information, Federal Services, and International Security",,Broad/General Jurisdiction,False,False
SSGA-3,Senate Committee on Homeland Security and Governmental Affairs,"Oversight of Government Management, the Federal Workforce, and the District of Columbia",Broad/General Jurisdiction,Broad/General Jurisdiction,True,False
SSGA-14,Senate Committee on Homeland Security and Governmental Affairs,Ad Hoc Subcommittee on Disaster Recovery and Intergovernmental Affairs,,Broad/General Jurisdiction,False,False
SLIA,Senate Committee on Indian Affairs,,,Resorts & Casinos; Gambling; Lumber & Wood Production; Agricultural Inputs; Oil & Gas E&P; Uranium,False,False
SSRA,Senate Committee on Rules and Administration,,Broad/General Jurisdiction,Broad/General Jurisdiction,True,False
SSSB,Senate Committee on Small Business and Entrepreneurship,,,Specialty Business Services; Consulting Services; Staffing & Employment Services; Industrial Distribution; Specialty Retail; Personal Services,False,False
SSVA,Senate Committee on Veterans' Affairs,,Healthcare,Healthcare Plans; Medical Care Facilities; Health Information Services; Drug Manufacturers - General; Medical Devices; REIT - Healthcare Facilities; Medical Instruments & Supplies,False,False
SSBU,Senate Committee on the Budget,,Broad/General Jurisdiction,Broad/General Jurisdiction,True,False
SSJU,Senate Committee on the Judiciary,,Broad/General Jurisdiction,Broad/General Jurisdiction,True,False
SSJU-1,Senate Committee on the Judiciary,"Antitrust, Competition Policy and Consumer Rights",Broad/General Jurisdiction,Broad/General Jurisdiction,True,False
SSJU-4,Senate Committee on the Judiciary,"Immigration, Refugees and Border Security",Broad/General Jurisdiction,Broad/General Jurisdiction,True,False
SSJU-23,Senate Committee on the Judiciary,"Privacy, Technology and the Law",Technology,Broad/General Jurisdiction,False,False
SSJU-21,Senate Committee on the Judiciary,"the Constitution, Civil Rights and Human Rights",Broad/General Jurisdiction,Broad/General Jurisdiction,True,False
SSJU-2,Senate Committee on the Judiciary,Administrative Oversight and the Courts,Broad/General Jurisdiction,Broad/General Jurisdiction,True,False
SSJU-22,Senate Committee on the Judiciary,Crime and Terrorism,Broad/General Jurisdiction,Broad/General Jurisdiction,True,False
SLET,Senate Select Committee on Ethics,,Broad/General Jurisdiction,Exclude,True,True
SLIN,Senate Select Committee on Intelligence,,Industrials; Technology,Exclude,False,True
SPAG,Senate Special Committee on Aging,,Healthcare; Real Estate,Exclude,False,True
SCNC,United States Senate Caucus on International Narcotics Control,,,Exclude,False,True
HSSY-18,"House Committee on Science, Space, and Technology",Environment Subcommittee,Industrials; Technology; Utilities,Pollution & Treatment Controls; Waste Management; Specialty Chemicals,False,False
HSSY-15,"House Committee on Science, Space, and Technology",Research and Technology Subcommittee,Industrials; Technology,Software - Infrastructure; Software - Application; Semiconductors; Semiconductor Equipment & Materials; Biotechnology; Scientific & Technical Instruments,False,False
HSJU-05,House Committee on the Judiciary,"Regulatory Reform, Commercial, and Antitrust Law Subcommittee",Broad/General Jurisdiction,Broad/General Jurisdiction,True,False
SSAP-02,Senate Committee on Appropriations,Department of Defense Subcommittee,Industrials,Broad/General Jurisdiction,False,False
SSAP-01,Senate Committee on Appropriations,"Agriculture, Rural Development, Food and Drug Administration, and Related Agencies Subcommittee",Basic Materials; Consumer Defensive; Healthcare; Real Estate,Broad/General Jurisdiction,False,False
SSAP-08,Senate Committee on Appropriations,Legislative Branch Subcommittee,Broad/General Jurisdiction,Broad/General Jurisdiction,True,False
SSBK-05,"Senate Committee on Banking, Housing, and Urban Affairs",National Security and International Trade and Finance Subcommittee,Financial Services; Real Estate,Banks - Diversified; Financial Conglomerates; Security & Protection Services,False,False
SSBK-09,"Senate Committee on Banking, Housing, and Urban Affairs","Housing, Transportation, and Community Development Subcommittee",Financial Services; Industrials; Real Estate,Banks - Diversified; Banks - Regional; Capital Markets; Asset Management; Credit Services; Insurance - Property & Casualty; Insurance - Life; Insurance - Diversified; Insurance Brokers; REIT - Residential; REIT - Mortgage; Real Estate Services; Real Estate - Development; Financial Conglomerates,False,False
SSBK-08,"Senate Committee on Banking, Housing, and Urban Affairs",Financial Institutions and Consumer Protection Subcommittee,Financial Services; Real Estate,Specialty Retail; Internet Retail; Credit Services,False,False
SSBK-04,"Senate Committee on Banking, Housing, and Urban Affairs","Securities, Insurance, and Investment Subcommittee",Financial Services; Real Estate,Capital Markets; Financial Data & Stock Exchanges; Asset Management; Credit Services,False,False
SSCM-01,"Senate Committee on Commerce, Science, and Transportation","Aviation Operations, Safety, and Security Subcommittee",Communication Services; Consumer Cyclical; Industrials; Technology,Airlines; Airports & Air Services; Aerospace & Defense,False,False
SSEG-04,Senate Committee on Energy and Natural Resources,National Parks Subcommittee,Basic Materials; Energy; Utilities,Lumber & Wood Production; Agricultural Inputs; Resorts & Casinos; Leisure,False,False
SSEG-01,Senate Committee on Energy and Natural Resources,Energy Subcommittee,Basic Materials; Energy; Utilities,Oil & Gas Integrated; Oil & Gas E&P; Oil & Gas Midstream; Utilities - Regulated Electric; Utilities - Regulated Gas; Solar; Utilities - Renewable; Oil & Gas Equipment & Services,False,False
SSEG-03,Senate Committee on Energy and Natural Resources,"Public Lands, Forests, and Mining Subcommittee",Basic Materials; Energy; Utilities,Gold; Copper; Uranium; Other Precious Metals & Mining; Other Industrial Metals & Mining; Steel; Aluminum; Thermal Coal; Metal Fabrication,False,False
SSEG-07,Senate Committee on Energy and Natural Resources,Water and Power Subcommittee,Basic Materials; Energy; Utilities,Utilities - Regulated Water; Marine Shipping; Engineering & Construction,False,False
SSEV-10,Senate Committee on Environment and Public Works,Clean Air and Nuclear Safety Subcommittee,Industrials; Utilities,Utilities - Regulated Electric; Solar; Utilities - Renewable; Pollution & Treatment Controls; Specialty Chemicals,False,False
SSEV-09,Senate Committee on Environment and Public Works,"Superfund, Toxics and Environmental Health Subcommittee",Healthcare; Industrials; Real Estate; Utilities,Drug Manufacturers - General; Drug Manufacturers - Specialty & Generic; Biotechnology; Healthcare Plans; Medical Devices; Diagnostics & Research; Medical Care Facilities; Health Information Services; REIT - Healthcare Facilities,False,False
SSEV-16,Senate Committee on Environment and Public Works,Green Jobs and the New Economy Subcommittee,Industrials; Utilities,Utilities - Regulated Electric; Utilities - Regulated Gas; Waste Management; Pollution & Treatment Controls; Engineering & Construction; Building Materials; Uranium; Specialty Chemicals; Paper & Paper Products; Steel; Aluminum,False,False
SSEV-18,Senate Committee on Environment and Public Works,Oversight Subcommittee,Industrials; Utilities,Utilities - Regulated Electric; Utilities - Regulated Gas; Waste Management; Pollution & Treatment Controls; Engineering & Construction; Building Materials; Uranium; Specialty Chemicals; Paper & Paper Products; Steel; Aluminum,False,False
SSEV-08,Senate Committee on Environment and Public Works,Transportation and Infrastructure Subcommittee,Basic Materials; Industrials; Utilities,Engineering & Construction; Building Materials; Railroads; Trucking,False,False
SSEV-15,Senate Committee on Environment and Public Works,Water and Wildlife Subcommittee,Industrials; Utilities,Utilities - Regulated Electric; Utilities - Regulated Gas; Waste Management; Pollution & Treatment Controls; Engineering & Construction; Building Materials; Uranium; Specialty Chemicals; Paper & Paper Products; Steel; Aluminum,False,False
SSFI-02,Senate Committee on Finance,"Social Security, Pensions, and Family Policy Subcommittee",Financial Services,Healthcare Plans; Medical Care Facilities; Staffing & Employment Services,False,False
SSFR-02,Senate Committee on Foreign Relations,East Asian and Pacific Affairs Subcommittee,Broad/General Jurisdiction,Broad/General Jurisdiction,True,False
SSFR-07,Senate Committee on Foreign Relations,Near Eastern and South and Central Asian Affairs Subcommittee,Broad/General Jurisdiction,Broad/General Jurisdiction,True,False
SSFR-06,Senate Committee on Foreign Relations,Western Hemisphere and Global Narcotics Affairs Subcommittee,Broad/General Jurisdiction,Broad/General Jurisdiction,True,False
SSFR-01,Senate Committee on Foreign Relations,European Affairs Subcommittee,Broad/General Jurisdiction,Broad/General Jurisdiction,True,False
SSFR-09,Senate Committee on Foreign Relations,African Affairs Subcommittee,Broad/General Jurisdiction,Broad/General Jurisdiction,True,False
SSHR-09,"Senate Committee on Health, Education, Labor, and Pensions",Children and Families Subcommittee,Healthcare; Real Estate,Education & Training Services; Healthcare Plans; Medical Care Facilities,False,False
SSGA-01,Senate Committee on Homeland Security and Governmental Affairs,Permanent Subcommittee on Investigations Subcommittee,,Broad/General Jurisdiction,False,False
SSGA-15,Senate Committee on Homeland Security and Governmental Affairs,Financial and Contracting Oversight Subcommittee,Broad/General Jurisdiction,Broad/General Jurisdiction,True,False
SSGA-16,Senate Committee on Homeland Security and Governmental Affairs,the Efficiency and Effectiveness of Federal Programs and the Federal Workforce Subcommittee,,Broad/General Jurisdiction,False,False
SSGA-17,Senate Committee on Homeland Security and Governmental Affairs,"Emergency Management, Intergovernmental Relations, and the District of Columbia Subcommittee",,Broad/General Jurisdiction,False,False
SSJU-01,Senate Committee on the Judiciary,"Antitrust, Competition Policy and Consumer Rights Subcommittee",Broad/General Jurisdiction,Broad/General Jurisdiction,True,False
SSJU-04,Senate Committee on the Judiciary,"Immigration, Refugees and Border Security Subcommittee",Broad/General Jurisdiction,Broad/General Jurisdiction,True,False
SSJU-25,Senate Committee on the Judiciary,"Oversight, Federal Rights and Agency Action Subcommittee",Broad/General Jurisdiction,Broad/General Jurisdiction,True,False
SSJU-24,Senate Committee on the Judiciary,Bankruptcy and the Courts Subcommittee,Broad/General Jurisdiction,Broad/General Jurisdiction,True,False
HSII-15,House Committee on Natural Resources,Oversight and Investigations Subcommittee,Basic Materials; Energy,Drug Manufacturers - General; Oil & Gas Integrated; Biotechnology; Telecom Services; Utilities - Regulated Electric,False,False
HLIG-01,House Permanent Select Committee on Intelligence,Central Intelligence Agency Subcommittee,Industrials; Technology,Exclude,False,True
HLIG-02,House Permanent Select Committee on Intelligence,National Security Agency and Cybersecurity Subcommittee,Healthcare; Industrials; Technology,Exclude,False,True
HLIG-03,House Permanent Select Committee on Intelligence,Emerging Threats Subcommittee,Industrials; Technology,Exclude,False,True
HLIG-04,House Permanent Select Committee on Intelligence,Department of Defense Intelligence and Overhead Architecture Subcommittee,Industrials; Technology,Exclude,False,True
HLZI,House Select Committee on the Events Surrounding the 2012 Terrorist Attack in Benghazi,,,Exclude,False,True
SSFR-15,Senate Committee on Foreign Relations,"Multilateral International Development, Multilateral Institutions, and International Economic, Energy, and Environmental Policy Subcommittee",Energy; Industrials; Utilities,Broad/General Jurisdiction,False,False
SSFR-14,Senate Committee on Foreign Relations,"State Department and USAID Management, International Operations, and Bilateral International Development Subcommittee",Broad/General Jurisdiction,Broad/General Jurisdiction,True,False
SSGA-18,Senate Committee on Homeland Security and Governmental Affairs,Federal Spending Oversight and Emergency Management Subcommittee,Broad/General Jurisdiction,Broad/General Jurisdiction,True,False
SSGA-19,Senate Committee on Homeland Security and Governmental Affairs,Regulatory Affairs and Federal Management Subcommittee,,Broad/General Jurisdiction,False,False
HSBA-01,House Committee on Financial Services,Terrorism and Illicit Finance Subcommittee,Financial Services,Banks - Diversified; Financial Conglomerates; Security & Protection Services,False,False
HSVR-11,House Committee on Veterans' Affairs,Technology Modernization Subcommittee,Healthcare; Technology,Health Information Services; Software - Application; Information Technology Services,False,False
SSAS-21,Senate Committee on Armed Services,Cybersecurity Subcommittee,Healthcare; Industrials; Technology,Aerospace & Defense; Software - Infrastructure; Information Technology Services; Electronic Components; Scientific & Technical Instruments; Biotechnology,False,False
HSED-07,House Committee on Education and Labor,Civil Rights and Human Services Subcommittee,,Education & Training Services; Staffing & Employment Services; Healthcare Plans; Medical Care Facilities; REIT - Healthcare Facilities,False,False
HSBA-13,House Committee on Financial Services,Diversity and Inclusion Subcommittee,Financial Services,Banks - Diversified; Banks - Regional; Capital Markets; Asset Management; Credit Services; Insurance - Property & Casualty; Insurance - Life; Insurance - Diversified; Insurance Brokers; Insurance - Specialty; Insurance - Reinsurance; Financial Data & Stock Exchanges; Financial Conglomerates; REIT - Mortgage,False,False
HSGO-02,House Committee on Oversight and Reform,Civil Rights and Civil Liberties Subcommittee,Broad/General Jurisdiction,Broad/General Jurisdiction,True,False
HSGO-05,House Committee on Oversight and Reform,Economic and Consumer Policy Subcommittee,Broad/General Jurisdiction,Broad/General Jurisdiction,True,False
HSRU-05,House Committee on Rules,Expedited Procedures Subcommittee,Broad/General Jurisdiction,Broad/General Jurisdiction,True,False
HLIG-06,House Permanent Select Committee on Intelligence,Defense Intelligence and Warfighter Support Subcommittee,Industrials; Technology,Exclude,False,True
HLIG-10,House Permanent Select Committee on Intelligence,Strategic Technologies and Advanced Research Subcommittee,Industrials; Technology,Exclude,False,True
HSCN,House Select Committee on the Climate Crisis,,,Exclude,False,True
HSMH,House Select Committee on the Modernization of Congress,,,Exclude,False,True
SSCM-28,"Senate Committee on Commerce, Science, and Transportation",Aviation and Space Subcommittee,Communication Services; Consumer Cyclical; Industrials; Technology,Airlines; Airports & Air Services; Aerospace & Defense,False,False
SSCM-31,"Senate Committee on Commerce, Science, and Transportation",Security Subcommittee,Communication Services; Consumer Cyclical; Industrials; Technology,Telecom Services; Communication Equipment; Airlines; Railroads; Trucking; Integrated Freight & Logistics; Consumer Electronics; Software - Application; Internet Content & Information; Advertising Agencies; Broadcasting; Scientific & Technical Instruments,False,False
SSCM-32,"Senate Committee on Commerce, Science, and Transportation",Transportation and Safety Subcommittee,Communication Services; Consumer Cyclical; Industrials; Technology,Telecom Services; Communication Equipment; Airlines; Railroads; Trucking; Integrated Freight & Logistics; Consumer Electronics; Software - Application; Internet Content & Information; Advertising Agencies; Broadcasting; Scientific & Technical Instruments,False,False
SSCM-29,"Senate Committee on Commerce, Science, and Transportation","Manufacturing, Trade, and Consumer Protection Subcommittee",Communication Services; Consumer Cyclical; Industrials; Technology,Specialty Retail; Internet Retail; Credit Services,False,False
SSCM-30,"Senate Committee on Commerce, Science, and Transportation","Science, Oceans, Fisheries, and Weather Subcommittee",Basic Materials; Communication Services; Consumer Cyclical; Industrials; Technology,Utilities - Regulated Water; Waste Management; Engineering & Construction,False,False
SSJU-26,Senate Committee on the Judiciary,Intellectual Property Subcommittee,Broad/General Jurisdiction,Broad/General Jurisdiction,True,False
HSAS-35,House Committee on Armed Services,"Cyber, Innovative Technologies, and Information Systems Subcommittee",Healthcare; Industrials; Technology,Aerospace & Defense; Software - Infrastructure; Information Technology Services; Electronic Components; Scientific & Technical Instruments; Biotechnology,False,False
HSSM-22,House Committee on Small Business,"Innovation, Entrepreneurship, and Workforce Development Subcommittee",Healthcare; Technology,Broad/General Jurisdiction,False,False
HSEF,House Select Committee on Economic Disparity and Fairness in Growth,,,Exclude,False,True
HSIJ,House Select Committee to Investigate the January 6th Attack on the United States Capitol,,,Exclude,False,True
HSVC,House Select Subcommittee on the Coronavirus Crisis,,,Exclude,False,True
SSCM-33,"Senate Committee on Commerce, Science, and Transportation","Aviation Safety, Operations, and Innovation Subcommittee",Communication Services; Consumer Cyclical; Healthcare; Industrials; Technology,Airlines; Airports & Air Services; Aerospace & Defense,False,False
SSCM-34,"Senate Committee on Commerce, Science, and Transportation","Communications, Media, and Broadband Subcommittee",Communication Services; Consumer Cyclical; Industrials; Technology,Telecom Services; Communication Equipment; Internet Content & Information; Software - Application; Advertising Agencies; Broadcasting,False,False
SSCM-35,"Senate Committee on Commerce, Science, and Transportation","Consumer Protection, Product Safety, and Data Security Subcommittee",Communication Services; Consumer Cyclical; Industrials; Technology,Specialty Retail; Internet Retail; Credit Services,False,False
SSCM-38,"Senate Committee on Commerce, Science, and Transportation","Surface Transportation, Maritime, Freight, and Ports Subcommittee",Communication Services; Consumer Cyclical; Industrials; Technology,Marine Shipping; Integrated Freight & Logistics,False,False
SSCM-36,"Senate Committee on Commerce, Science, and Transportation","Oceans, Fisheries, Climate Change, and Manufacturing Subcommittee",Basic Materials; Communication Services; Consumer Cyclical; Industrials; Technology,Utilities - Regulated Electric; Solar; Utilities - Renewable; Pollution & Treatment Controls; Specialty Chemicals,False,False
SSCM-39,"Senate Committee on Commerce, Science, and Transportation","Tourism, Trade, and Export Promotion Subcommittee",Communication Services; Consumer Cyclical; Industrials; Technology,Airlines; Lodging; Travel Services; Resorts & Casinos; REIT - Hotel & Motel,False,False
SSCM-37,"Senate Committee on Commerce, Science, and Transportation",Space and Science Subcommittee,Communication Services; Consumer Cyclical; Industrials; Technology,Telecom Services; Communication Equipment; Airlines; Railroads; Trucking; Integrated Freight & Logistics; Consumer Electronics; Software - Application; Internet Content & Information; Advertising Agencies; Broadcasting; Scientific & Technical Instruments,False,False
SSGA-22,Senate Committee on Homeland Security and Governmental Affairs,Government Operations and Border Management Subcommittee,,Broad/General Jurisdiction,False,False
SSGA-20,Senate Committee on Homeland Security and Governmental Affairs,Emerging Threats and Spending Oversight Subcommittee,Broad/General Jurisdiction,Broad/General Jurisdiction,True,False
SSJU-28,Senate Committee on the Judiciary,"Privacy, Technology, and the Law Subcommittee",Technology,Broad/General Jurisdiction,False,False
SSJU-27,Senate Committee on the Judiciary,Human Rights and the Law Subcommittee,Broad/General Jurisdiction,Broad/General Jurisdiction,True,False
HSBA-10,House Committee on Financial Services,"National Security, Illicit Finance, and International Financial Institutions Subcommittee",Financial Services,Banks - Diversified; Banks - Regional; Credit Services; Financial Conglomerates,False,False
HSBA-21,House Committee on Financial Services,"Digital Assets, Financial Technology and Inclusion Subcommittee",Financial Services; Technology,Financial Data & Stock Exchanges; Software - Application; Capital Markets,False,False
HSFA-06,House Committee on Foreign Affairs,"Global Health, Global Human Rights, and International Organizations Subcommittee",Healthcare; Real Estate,Broad/General Jurisdiction,False,False
HSHA-27,House Committee on House Administration,Modernization Subcommittee,Broad/General Jurisdiction,Broad/General Jurisdiction,True,False
HSGO-12,House Committee on Oversight and Accountability,"Cybersecurity, Information Technology, and Government Innovation Subcommittee",Healthcare; Technology,Broad/General Jurisdiction,False,False
HSSM-21,House Committee on Small Business,"Rural Development, Energy, and Supply Chains Subcommittee",Energy; Utilities,Broad/General Jurisdiction,False,False
HSJU-13,House Committee on the Judiciary,Responsiveness and Accountability to Oversight Subcommittee,Broad/General Jurisdiction,Broad/General Jurisdiction,True,False
HSZS,House Select Committee on the Strategic Competition Between the United States and the Chinese Communist Party,,,Exclude,False,True
HSFD,House Select Subcommittee on the Weaponization of the Federal Government,,,Exclude,False,True
HSZT,House Task Force on the Attempted Assassination of Donald J. Trump,,,Exclude,False,True
HSFA-19,House Committee on Foreign Affairs,South and Central Asia Subcommittee,Broad/General Jurisdiction,Broad/General Jurisdiction,True,False
HSGO-33,House Committee on Oversight and Government Reform,Federal Law Enforcement Subcommittee,Broad/General Jurisdiction,Broad/General Jurisdiction,True,False
HSGO-16,House Committee on Oversight and Government Reform,Delivering on Government Efficiency Subcommittee,Broad/General Jurisdiction,Broad/General Jurisdiction,True,False
HLIG-11,House Permanent Select Committee on Intelligence,Open Source Intelligence Subcommittee,Industrials; Technology,Exclude,False,True
HSQJ,"House Select Subcommittee to Investigate the Remaining Questions Surrounding January 6, 2021",,,Exclude,False,True
SSBK-13,"Senate Committee on Banking, Housing, and Urban Affairs",Digital Assets Subcommittee,Financial Services; Real Estate,Financial Data & Stock Exchanges; Software - Application; Capital Markets,False,False
